{"gg1": {"position": {"y": 0.9156302205371851, "x": 1.1169451326203346, "z": 0.0}, "grid": {"y": 296, "x": 178, "z": 0}, "orientation": {"y": 0.0, "x": 0.0, "z": 0.0, "w": 1.0}}, "g1": {"position": {"y": -3.8208405506796317, "x": 4.458845895435368, "z": 0.0}, "grid": {"y": 201, "x": 244, "z": 0}, "orientation": {"y": 0.0, "x": 0.0, "z": -0.32673794296247355, "w": 0.9451149753488468}}, "__INIT": "init", "__CHARGE": "g1", "charge": {"position": {"y": 0.0, "x": 0.0, "z": 0.0}, "grid": {"y": 277, "x": 155, "z": 0}, "orientation": {"y": 0.0, "x": 0.0, "z": 0.0, "w": 1.0}}, "init": {"position": {"y": 0.0, "x": 0.0, "z": 0.0}, "grid": {"y": 277, "x": 155, "z": 0}, "orientation": {"y": 0.0, "x": 0.0, "z": 0.0, "w": 1.0}}}